{"24": [[0, 0.005125068128108978]], "25": [[1, 0.07962528616189957], [317, 0.01933285966515541]], "26": [[2, 0.1866668462753296], [17, 0.007333233952522278], [38, 0.004165805876255035], [53, 0.004207715392112732], [70, 0.005041714757680893], [201, 0.003541819751262665], [216, 0.003541819751262665], [231, 0.00420818105340004], [254, 0.00820821151137352], [299, 0.005583278834819794], [316, 0.06958330050110817]], "27": [[3, 0.002791173756122589], [18, 0.003709457814693451], [39, 0.002832617610692978], [54, 0.00287545844912529], [71, 0.0029169023036956787], [202, 0.002583954483270645], [217, 0.0025420449674129486], [232, 0.0025830231606960297], [255, 0.004292000085115433], [300, 0.0034999102354049683]], "28": [[4, 0.0029997900128364563], [19, 0.004916917532682419], [40, 0.003375113010406494], [55, 0.0037499703466892242], [72, 0.0036247074604034424], [203, 0.0031674280762672424], [218, 0.003000255674123764], [233, 0.0029578804969787598], [256, 0.0055837444961071014], [301, 0.004250090569257736]], "29": [[5, 979.8874580301344], [20, 947.6898340508342], [41, 547.1580419689417], [56, 430.29729183763266], [73, 409.1440001502633], [204, 394.49641620740294], [219, 375.6344998255372], [234, 511.49954088032246], [257, 388.9968330040574], [302, 428.3305420540273]], "30": [[6, 0.10820897296071053], [21, 0.06862496957182884], [42, 0.0771665945649147], [57, 0.07504131644964218], [74, 0.06904173642396927], [205, 0.0677499920129776], [220, 0.06716698408126831], [235, 0.11520786210894585], [258, 0.09229220449924469], [303, 0.1104581169784069]], "33": [[7, 0.003584194928407669], [22, 0.002707820385694504], [43, 0.0033746473491191864], [58, 0.0029173679649829865], [75, 0.002750195562839508], [206, 0.0025830231606960297], [221, 0.0025830231606960297], [236, 0.003916677087545395], [259, 0.0037080608308315277], [304, 0.004041008651256561]], "34": [[8, 0.13795914128422737], [23, 0.09220931679010391], [44, 0.10558310896158218], [59, 0.10950025171041489], [76, 0.13962527737021446], [207, 0.0789170153439045], [222, 0.10420801118016243], [237, 0.14945818111300468], [260, 0.15562539920210838], [305, 0.13529183343052864]], "36": [[9, 0.004542060196399689], [24, 0.002874992787837982], [45, 0.0030421651899814606], [60, 0.00325031578540802], [77, 0.0028330832719802856], [208, 0.002874992787837982], [223, 0.002750195562839508], [238, 0.00420818105340004], [261, 0.0038333237171173096], [306, 0.004332978278398514]], "37": [[10, 0.004333909600973129], [25, 0.0027497299015522003], [46, 0.0027921050786972046], [61, 0.003375113010406494], [78, 0.002750195562839508], [209, 0.0024996697902679443], [224, 0.0025420449674129486], [239, 0.00400003045797348], [262, 0.0037918798625469208], [307, 0.0040424056351184845]], "38": [[11, 0.0037918798625469208], [26, 0.0027497299015522003], [47, 0.0029159709811210632], [62, 0.0030421651899814606], [79, 0.002707820385694504], [210, 0.0025420449674129486], [225, 0.0025830231606960297], [240, 0.004416797310113907], [263, 0.0035408884286880493], [308, 0.0040424056351184845]], "41": [[12, 0.0036247074604034424], [27, 0.002750195562839508], [48, 0.0027921050786972046], [63, 0.002874992787837982], [80, 0.0026668421924114227], [211, 0.002750195562839508], [226, 0.0024586915969848633], [241, 0.0038747675716876984], [264, 0.003917142748832703], [309, 0.004041008651256561]], "42": [[13, 0.00795908272266388], [15, 0.004167202860116959], [16, 0.00570761039853096], [28, 0.004165805876255035], [30, 0.0026668421924114227], [32, 0.0025830231606960297], [34, 0.0025420449674129486], [36, 0.002500135451555252], [37, 0.004667323082685471], [49, 0.005417037755250931], [51, 0.002874992787837982], [52, 0.004791188985109329], [64, 0.005500391125679016], [66, 0.002874992787837982], [68, 0.0032088719308376312], [69, 0.005249865353107452], [81, 0.004083849489688873], [83, 0.002707820385694504], [85, 0.002584420144557953], [87, 0.0025420449674129486], [89, 0.0025830231606960297], [91, 0.002624932676553726], [93, 0.002541113644838333], [95, 0.002500135451555252], [97, 0.0024582259356975555], [99, 0.002457760274410248], [101, 0.0024586915969848633], [103, 0.0024996697902679443], [105, 0.0025420449674129486], [107, 0.0025420449674129486], [109, 0.0025830231606960297], [111, 0.0024586915969848633], [113, 0.0024582259356975555], [115, 0.0024167820811271667], [117, 0.002457760274410248], [119, 0.0024172477424144745], [121, 0.0025420449674129486], [123, 0.002457760274410248], [125, 0.0024586915969848633], [127, 0.002500135451555252], [129, 0.0024167820811271667], [131, 0.0024167820811271667], [133, 0.0024158507585525513], [135, 0.0024582259356975555], [137, 0.0024167820811271667], [139, 0.0024158507585525513], [141, 0.0024167820811271667], [143, 0.0024586915969848633], [145, 0.0025406479835510254], [147, 0.0024167820811271667], [149, 0.0024582259356975555], [151, 0.002457760274410248], [153, 0.0024158507585525513], [155, 0.0024582259356975555], [157, 0.002500135451555252], [159, 0.0024158507585525513], [161, 0.002457760274410248], [163, 0.0024172477424144745], [165, 0.0024167820811271667], [167, 0.002500135451555252], [169, 0.0024158507585525513], [171, 0.0024582259356975555], [173, 0.002500135451555252], [175, 0.0025420449674129486], [177, 0.002624932676553726], [179, 0.0024996697902679443], [181, 0.0024996697902679443], [183, 0.002500135451555252], [185, 0.05204230546951294], [187, 0.0024167820811271667], [189, 0.002500135451555252], [191, 0.002459157258272171], [193, 0.0025420449674129486], [195, 0.0024996697902679443], [197, 0.0024172477424144745], [199, 0.002791173756122589], [200, 0.006583984941244125], [212, 0.004542060196399689], [214, 0.002750195562839508], [215, 0.003541354089975357], [227, 0.00474974513053894], [229, 0.0025420449674129486], [230, 0.005417037755250931], [242, 0.010708346962928772], [244, 0.003917142748832703], [246, 0.004041008651256561], [248, 0.003875233232975006], [250, 0.003832858055830002], [252, 0.003875233232975006], [253, 0.010166317224502563], [265, 0.009790994226932526], [267, 0.0034170225262641907], [269, 0.0032498501241207123], [271, 0.0032498501241207123], [273, 0.003334134817123413], [275, 0.0033332034945487976], [277, 0.0034999102354049683], [279, 0.003375113010406494], [281, 0.0033332034945487976], [283, 0.0033746473491191864], [285, 0.0032922253012657166], [287, 0.0032922253012657166], [289, 0.003375113010406494], [291, 0.003291759639978409], [293, 0.003291759639978409], [295, 0.003375113010406494], [297, 0.003416091203689575], [298, 0.007582828402519226], [310, 0.00837491825222969], [312, 0.00400003045797348], [314, 0.00400003045797348], [315, 0.005582813173532486]],