{"24": [[0, 0.0015837140381336212]], "25": [[1, 0.062375329434871674], [317, 0.050040893256664276]], "26": [[2, 0.1921248622238636], [17, 0.002959277480840683], [38, 0.005333218723535538], [53, 0.0034170225262641907], [70, 0.004583969712257385], [201, 0.005708076059818268], [216, 0.002209097146987915], [231, 0.003708992153406143], [254, 0.004625413566827774], [299, 0.005458947271108627], [316, 0.09925011545419693]], "27": [[3, 0.0004172325134277344], [18, 0.00041676685214042664], [39, 0.0010416842997074127], [54, 0.0008749775588512421], [71, 0.0007497146725654602], [202, 0.001000240445137024], [217, 0.0007078051567077637], [232, 0.0005420297384262085], [255, 0.0007920898497104645], [300, 0.0010407529771327972]], "28": [[4, 0.0011669471859931946], [19, 0.0015832483768463135], [40, 0.00437488779425621], [55, 0.003125052899122238], [72, 0.0037909485399723053], [203, 0.004250090569257736], [218, 0.00200001522898674], [233, 0.0022081658244132996], [256, 0.005499925464391708], [301, 0.00583333894610405]], "29": [[5, 931.0832498595119], [20, 761.4137083292007], [41, 673.6177918501198], [56, 713.8660405762494], [73, 570.8788754418492], [204, 571.1317090317607], [219, 561.6887919604778], [234, 703.1972077675164], [257, 494.4680002517998], [302, 512.958750128746]], "30": [[6, 0.02683280035853386], [21, 0.17750030383467674], [42, 0.06045820191502571], [57, 0.059165991842746735], [74, 0.06366707384586334], [205, 0.03579212352633476], [220, 0.02829078584909439], [235, 0.05858391523361206], [258, 0.124417245388031], [303, 0.08491659536957741]], "33": [[7, 0.0002919696271419525], [22, 0.0013331882655620575], [43, 0.0020833685994148254], [58, 0.0007916241884231567], [75, 0.0009592622518539429], [206, 0.000583939254283905], [221, 0.00041676685214042664], [236, 0.000833999365568161], [259, 0.0013327226042747498], [304, 0.0012088567018508911]], "34": [[8, 0.05358271300792694], [23, 0.1582917757332325], [44, 0.1682918518781662], [59, 0.33512478694319725], [76, 0.3343750722706318], [207, 0.0588749535381794], [222, 0.08079176768660545], [237, 0.11562509462237358], [260, 0.2577919512987137], [305, 0.1505003310739994]], "36": [[9, 0.0004996545612812042], [24, 0.0021248124539852142], [45, 0.0020419247448444366], [60, 0.0028330832719802856], [77, 0.0025830231606960297], [208, 0.001125037670135498], [223, 0.0007920898497104645], [238, 0.002040993422269821], [261, 0.0019171275198459625], [306, 0.003000255674123764]], "37": [[10, 0.0003748573362827301], [25, 0.0014579854905605316], [46, 0.0012093223631381989], [61, 0.0017080456018447876], [78, 0.0017918646335601807], [209, 0.0008749775588512421], [224, 0.0005830079317092896], [239, 0.0015422701835632324], [262, 0.0014998950064182281], [307, 0.001959037035703659]], "38": [[11, 0.00037532299757003784], [26, 0.001416075974702835], [47, 0.0012908130884170532], [62, 0.0016670674085617065], [79, 0.0014170072972774506], [210, 0.0007087364792823792], [225, 0.0004996545612812042], [240, 0.001959037035703659], [263, 0.002040993422269821], [308, 0.0020829029381275177]], "41": [[12, 0.00033294782042503357], [27, 0.0016670674085617065], [48, 0.001084059476852417], [63, 0.0014998950064182281], [80, 0.0016670674085617065], [211, 0.0007501803338527679], [226, 0.0006253831088542938], [241, 0.0016246922314167023], [264, 0.0015837140381336212], [309, 0.0017080456018447876]], "42": [[13, 0.003084074705839157], [15, 0.0004163011908531189], [16, 0.0012908130884170532], [28, 0.007125083357095718], [30, 0.0009583309292793274], [32, 0.0008749775588512421], [34, 0.0008749775588512421], [36, 0.00125030055642128], [37, 0.005749985575675964], [49, 0.00658305361866951], [51, 0.0014170072972774506], [52, 0.00400003045797348], [64, 0.007334165275096893], [66, 0.0009587965905666351], [68, 0.0015422701835632324], [69, 0.00791577622294426], [81, 0.00879121944308281], [83, 0.0011669471859931946], [85, 0.0009159557521343231], [87, 0.0008749775588512421], [89, 0.0008749775588512421], [91, 0.0008330680429935455], [93, 0.0008330680429935455], [95, 0.0008330680429935455], [97, 0.0007920898497104645], [99, 0.0009168870747089386], [101, 0.0008326023817062378], [103, 0.0009168870747089386], [105, 0.0008330680429935455], [107, 0.0008330680429935455], [109, 0.0009159557521343231], [111, 0.001000240445137024], [113, 0.0009173527359962463], [115, 0.000833999365568161], [117, 0.0008330680429935455], [119, 0.0009997747838497162], [121, 0.0008330680429935455], [123, 0.000833999365568161], [125, 0.0007920898497104645], [127, 0.0009997747838497162], [129, 0.000833999365568161], [131, 0.0008754432201385498], [133, 0.0008330680429935455], [135, 0.000833999365568161], [137, 0.000833999365568161], [139, 0.0009578652679920197], [141, 0.0008749775588512421], [143, 0.000833999365568161], [145, 0.0008749775588512421], [147, 0.0008749775588512421], [149, 0.0008749775588512421], [151, 0.000833999365568161], [153, 0.000833999365568161], [155, 0.000833999365568161], [157, 0.0008749775588512421], [159, 0.000833999365568161], [161, 0.0009159557521343231], [163, 0.0008749775588512421], [165, 0.0008330680429935455], [167, 0.000833999365568161], [169, 0.0008749775588512421], [171, 0.0008749775588512421], [173, 0.000833999365568161], [175, 0.0009587965905666351], [177, 0.0007920898497104645], [179, 0.000833999365568161], [181, 0.0008330680429935455], [183, 0.001458916813135147], [185, 0.0008749775588512421], [187, 0.000833999365568161], [189, 0.0009159557521343231], [191, 0.0008754432201385498], [193, 0.0009159557521343231], [195, 0.0008749775588512421], [197, 0.0009168870747089386], [199, 0.001375097781419754], [200, 0.013041310012340546], [212, 0.0029169023036956787], [214, 0.0008749775588512421], [215, 0.0026673078536987305], [227, 0.00400003045797348], [229, 0.0006253831088542938], [230, 0.005541369318962097], [242, 0.007708091288805008], [244, 0.0009159557521343231], [246, 0.0007501803338527679], [248, 0.0007501803338527679], [250, 0.0007501803338527679], [252, 0.001375097781419754], [253, 0.0038747675716876984], [265, 0.009915791451931], [267, 0.001000240445137024], [269, 0.0009592622518539429], [271, 0.0009578652679920197], [273, 0.0009159557521343231], [275, 0.0009164214134216309], [277, 0.0008330680429935455], [279, 0.0008749775588512421], [281, 0.0008754432201385498], [283, 0.0009578652679920197], [285, 0.0008749775588512421], [287, 0.0008330680429935455], [289, 0.0008330680429935455], [291, 0.0009159557521343231], [293, 0.0009159557521343231], [295, 0.0009168870747089386], [297, 0.001000240445137024], [298, 0.009832903742790222], [310, 0.009917188435792923], [312, 0.0018333084881305695], [314, 0.0025830231606960297], [315, 0.005042180418968201]],