{"24": [[0, 0.0019581057131290436]], "25": [[1, 0.05233287811279297], [317, 0.021582935005426407]], "26": [[2, 0.27124956250190735], [17, 0.005749985575675964], [38, 0.003125052899122238], [53, 0.004708766937255859], [70, 0.0038337893784046173], [201, 0.003582797944545746], [216, 0.00362517312169075], [231, 0.001375097781419754], [254, 0.0035408884286880493], [299, 0.0036247074604034424], [316, 0.06095832213759422]], "27": [[3, 0.00033294782042503357], [18, 0.0008749775588512421], [39, 0.0007906928658485413], [54, 0.0008749775588512421], [71, 0.0008330680429935455], [202, 0.0005830079317092896], [217, 0.0007082708179950714], [232, 0.00037532299757003784], [255, 0.0007920898497104645], [300, 0.0012079253792762756]], "28": [[4, 0.0009592622518539429], [19, 0.0033746473491191864], [40, 0.002750195562839508], [55, 0.00237487256526947], [72, 0.0018328428268432617], [203, 0.002250075340270996], [218, 0.0020829029381275177], [233, 0.0012498348951339722], [256, 0.002500135451555252], [301, 0.0029169023036956787]], "29": [[5, 349.45145808160305], [20, 424.83024997636676], [41, 370.4293752089143], [56, 391.3480839692056], [73, 370.451542083174], [204, 780.8417081832886], [219, 706.3356251455843], [234, 866.9740841723979], [257, 801.793958991766], [302, 385.9289172105491]], "30": [[6, 0.04708394408226013], [21, 0.0400003045797348], [42, 0.04029180854558945], [57, 0.03554206341505051], [74, 0.028749927878379822], [205, 0.03354111686348915], [220, 0.01712515950202942], [235, 0.04645809531211853], [258, 0.04491675645112991], [303, 0.03929063677787781]], "33": [[7, 0.0007916241884231567], [22, 0.0009164214134216309], [43, 0.0017499551177024841], [58, 0.0007501803338527679], [75, 0.0005830079317092896], [206, 0.000583939254283905], [221, 0.0003748573362827301], [236, 0.0007497146725654602], [259, 0.0007920898497104645], [304, 0.0008749775588512421]], "34": [[8, 0.0838330015540123], [23, 0.10370928794145584], [44, 0.09558303281664848], [59, 0.10287482291460037], [76, 0.15870807692408562], [207, 0.06662542000412941], [222, 0.04949979484081268], [237, 0.08633313700556755], [260, 0.15033315867185593], [305, 0.08074985817074776]], "36": [[9, 0.001416075974702835], [24, 0.001125037670135498], [45, 0.0016670674085617065], [60, 0.0017499551177024841], [77, 0.0007906928658485413], [208, 0.00162515789270401], [223, 0.000583939254283905], [238, 0.0015827827155590057], [261, 0.001875218003988266], [306, 0.0014170072972774506]], "37": [[10, 0.0008749775588512421], [25, 0.0008330680429935455], [46, 0.001000240445137024], [61, 0.0007497146725654602], [78, 0.0007497146725654602], [209, 0.0008330680429935455], [224, 0.0004577450454235077], [239, 0.0007501803338527679], [262, 0.000833999365568161], [307, 0.001125037670135498]], "38": [[11, 0.0008326023817062378], [26, 0.0007916241884231567], [47, 0.001000240445137024], [62, 0.0007092021405696869], [79, 0.0007078051567077637], [210, 0.0007501803338527679], [225, 0.0003748573362827301], [240, 0.0007501803338527679], [263, 0.0012079253792762756], [308, 0.0009168870747089386]], "41": [[12, 0.0008330680429935455], [27, 0.0007920898497104645], [48, 0.0009168870747089386], [63, 0.0007906928658485413], [80, 0.0006249174475669861], [211, 0.0007497146725654602], [226, 0.0003748573362827301], [241, 0.0008330680429935455], [264, 0.001000240445137024], [309, 0.001000240445137024]], "42": [[13, 0.0053336843848228455], [15, 0.0014170072972774506], [16, 0.003084074705839157], [28, 0.0038747675716876984], [30, 0.0006668269634246826], [32, 0.0005420297384262085], [34, 0.0005830079317092896], [36, 0.0007497146725654602], [37, 0.0036670826375484467], [49, 0.004750210791826248], [51, 0.0009587965905666351], [52, 0.004292000085115433], [64, 0.004167202860116959], [66, 0.0007082708179950714], [68, 0.0014579854905605316], [69, 0.004791188985109329], [81, 0.004082918167114258], [83, 0.0006249174475669861], [85, 0.000500120222568512], [87, 0.000541098415851593], [89, 0.0004577450454235077], [91, 0.000500120222568512], [93, 0.00045821070671081543], [95, 0.000500120222568512], [97, 0.000500120222568512], [99, 0.000500120222568512], [101, 0.000500120222568512], [103, 0.0004591420292854309], [105, 0.00045821070671081543], [107, 0.00045821070671081543], [109, 0.000500120222568512], [111, 0.000500120222568512], [113, 0.0005406327545642853], [115, 0.000500120222568512], [117, 0.000500120222568512], [119, 0.0005420297384262085], [121, 0.000500120222568512], [123, 0.00045867636799812317], [125, 0.0005830079317092896], [127, 0.00045821070671081543], [129, 0.000500120222568512], [131, 0.0004996545612812042], [133, 0.000541098415851593], [135, 0.000500120222568512], [137, 0.00045821070671081543], [139, 0.000500120222568512], [141, 0.00041676685214042664], [143, 0.00045821070671081543], [145, 0.00045867636799812317], [147, 0.00041676685214042664], [149, 0.000541098415851593], [151, 0.0005406327545642853], [153, 0.000500120222568512], [155, 0.000541098415851593], [157, 0.00045821070671081543], [159, 0.00041676685214042664], [161, 0.0004591420292854309], [163, 0.0004577450454235077], [165, 0.00045867636799812317], [167, 0.00045821070671081543], [169, 0.000541098415851593], [171, 0.0004996545612812042], [173, 0.00041676685214042664], [175, 0.000541098415851593], [177, 0.0005420297384262085], [179, 0.0004577450454235077], [181, 0.0004996545612812042], [183, 0.0005420297384262085], [185, 0.00045821070671081543], [187, 0.000500120222568512], [189, 0.000500120222568512], [191, 0.0005420297384262085], [193, 0.00045821070671081543], [195, 0.0004577450454235077], [197, 0.0005830079317092896], [199, 0.0005830079317092896], [200, 0.007124617695808411], [212, 0.004999805241823196], [214, 0.0007497146725654602], [215, 0.0022081658244132996], [227, 0.0019171275198459625], [229, 0.00045821070671081543], [230, 0.0029578804969787598], [242, 0.005000270903110504], [244, 0.0007082708179950714], [246, 0.0006249174475669861], [248, 0.0005830079317092896], [250, 0.000583939254283905], [252, 0.0008749775588512421], [253, 0.003875233232975006], [265, 0.005584210157394409], [267, 0.0008330680429935455], [269, 0.0008330680429935455], [271, 0.0007078051567077637], [273, 0.0007920898497104645], [275, 0.0006658956408500671], [277, 0.0006249174475669861], [279, 0.0007082708179950714], [281, 0.0006249174475669861], [283, 0.0006668269634246826], [285, 0.0007082708179950714], [287, 0.0007497146725654602], [289, 0.0007082708179950714], [291, 0.0007078051567077637], [293, 0.0006658956408500671], [295, 0.0007087364792823792], [297, 0.0009168870747089386], [298, 0.007291790097951889], [310, 0.00583333894610405], [312, 0.0009168870747089386], [314, 0.000833999365568161], [315, 0.0030836090445518494]],